id,abstract,headline,lead_paragraph,timestamp
1,retail disasters data theft heartbleed internet threat how companies deal government requests information their cyber security experts lot bobbi rebell,cyber security after snowden,retail disasters data theft heartbleed internet threat how companies deal government requests information their cyber security experts lot bobbi rebell,2023-08-21 12:15:23.000000
2,latest admission security breach neiman along incidents south korea clear evidence businesses need raise bar data bobbi rebell,stepping up cyber security,latest admission security breach neiman along incidents south korea clear evidence businesses need raise bar data bobbi rebell,2023-08-21 12:15:23.000000
3,latest admission security breach neiman along incidents south korea clear evidence businesses need raise bar data bobbi rebell,stepping up cyber security,latest admission security breach neiman along incidents south korea clear evidence businesses need raise bar data bobbi rebell,2023-08-21 12:15:23.000000
4,computer scientist peter neumann talks research create more secure software,peter neumann cyber security,computer scientist peter neumann talks research create more secure software,2023-08-21 12:15:23.000000
5,obama says foreign hacker should able shut down our urges congress pass legislation cyber rough cut reporter,obama calls congress tackle cyber security,obama says foreign hacker should able shut down our urges congress pass legislation cyber rough cut reporter,2023-08-21 12:15:23.000000
6,following text president remarks new white house cybersecurity office released white,remarks,following text president remarks friday new white house cybersecurity released white,2023-08-21 12:15:23.000000
7,china announced delay controversial technology regulations financial sector alongside treasury secretary jack visit meg teckman,china delays cyber security rules banks,china announced delay controversial technology regulations financial sector alongside treasury secretary jack visit meg teckman,2023-08-21 12:15:23.000000
8,president obama outlines new policies white house friday,early,white house turns focus cyberspace president obama announcing new plan protect electronic networks attacks launched both home abroad hold risk any,2023-08-21 12:15:23.000000
9,president obama outlines new policies white house friday,early,white house turns focus cyberspace president obama announcing new plan protect electronic networks attacks launched both home abroad hold risk any,2023-08-21 12:15:23.000000
10,airs concerns over cyber security talks officials host chinese delegates banquet sidelines strategic economic dialogue rough cut reporter,airs concerns over cyber security china meetings,airs concerns over cyber security talks officials host chinese delegates banquet sidelines strategic economic dialogue rough cut reporter,2023-08-21 12:15:23.000000
11,retail disasters data theft heartbleed internet threat how companies deal government requests information their cyber security experts lot bobbi rebell,cyber security after snowden,retail disasters data theft heartbleed internet threat how companies deal government requests information their cyber security experts lot bobbi rebell,2023-08-21 12:15:23.000000
12,latest admission security breach neiman along incidents south korea clear evidence businesses need raise bar data bobbi rebell,stepping up cyber security,latest admission security breach neiman along incidents south korea clear evidence businesses need raise bar data bobbi rebell,2023-08-21 12:15:23.000000
13,latest admission security breach neiman along incidents south korea clear evidence businesses need raise bar data bobbi rebell,stepping up cyber security,latest admission security breach neiman along incidents south korea clear evidence businesses need raise bar data bobbi rebell,2023-08-21 12:15:23.000000
14,computer scientist peter neumann talks research create more secure software,peter neumann cyber security,computer scientist peter neumann talks research create more secure software,2023-08-21 12:15:23.000000
15,obama says foreign hacker should able shut down our urges congress pass legislation cyber rough cut reporter,obama calls congress tackle cyber security,obama says foreign hacker should able shut down our urges congress pass legislation cyber rough cut reporter,2023-08-21 12:15:23.000000
16,following text president remarks new white house cybersecurity office released white,remarks,following text president remarks friday new white house cybersecurity released white,2023-08-21 12:15:23.000000
17,china announced delay controversial technology regulations financial sector alongside treasury secretary jack visit meg teckman,china delays cyber security rules banks,china announced delay controversial technology regulations financial sector alongside treasury secretary jack visit meg teckman,2023-08-21 12:15:23.000000
18,president obama outlines new policies white house friday,early,white house turns focus cyberspace president obama announcing new plan protect electronic networks attacks launched both home abroad hold risk any,2023-08-21 12:15:23.000000
19,president obama outlines new policies white house friday,early,white house turns focus cyberspace president obama announcing new plan protect electronic networks attacks launched both home abroad hold risk any,2023-08-21 12:15:23.000000
20,airs concerns over cyber security talks officials host chinese delegates banquet sidelines strategic economic dialogue rough cut reporter,airs concerns over cyber security china meetings,airs concerns over cyber security talks officials host chinese delegates banquet sidelines strategic economic dialogue rough cut reporter,2023-08-21 12:15:23.000000
21,retail disasters data theft heartbleed internet threat how companies deal government requests information their cyber security experts lot bobbi rebell,cyber security after snowden,retail disasters data theft heartbleed internet threat how companies deal government requests information their cyber security experts lot bobbi rebell,2023-08-21 12:15:23.000000
22,latest admission security breach neiman along incidents south korea clear evidence businesses need raise bar data bobbi rebell,stepping up cyber security,latest admission security breach neiman along incidents south korea clear evidence businesses need raise bar data bobbi rebell,2023-08-21 12:15:23.000000
23,latest admission security breach neiman along incidents south korea clear evidence businesses need raise bar data bobbi rebell,stepping up cyber security,latest admission security breach neiman along incidents south korea clear evidence businesses need raise bar data bobbi rebell,2023-08-21 12:15:23.000000
24,computer scientist peter neumann talks research create more secure software,peter neumann cyber security,computer scientist peter neumann talks research create more secure software,2023-08-21 12:15:23.000000
25,obama says foreign hacker should able shut down our urges congress pass legislation cyber rough cut reporter,obama calls congress tackle cyber security,obama says foreign hacker should able shut down our urges congress pass legislation cyber rough cut reporter,2023-08-21 12:15:23.000000
26,following text president remarks new white house cybersecurity office released white,remarks,following text president remarks friday new white house cybersecurity released white,2023-08-21 12:15:23.000000
27,china announced delay controversial technology regulations financial sector alongside treasury secretary jack visit meg teckman,china delays cyber security rules banks,china announced delay controversial technology regulations financial sector alongside treasury secretary jack visit meg teckman,2023-08-21 12:15:23.000000
28,president obama outlines new policies white house friday,early,white house turns focus cyberspace president obama announcing new plan protect electronic networks attacks launched both home abroad hold risk any,2023-08-21 12:15:23.000000
29,president obama outlines new policies white house friday,early,white house turns focus cyberspace president obama announcing new plan protect electronic networks attacks launched both home abroad hold risk any,2023-08-21 12:15:23.000000
30,airs concerns over cyber security talks officials host chinese delegates banquet sidelines strategic economic dialogue rough cut reporter,airs concerns over cyber security china meetings,airs concerns over cyber security talks officials host chinese delegates banquet sidelines strategic economic dialogue rough cut reporter,2023-08-21 12:15:23.000000
31,retail disasters data theft heartbleed internet threat how companies deal government requests information their cyber security experts lot bobbi rebell,cyber security after snowden,retail disasters data theft heartbleed internet threat how companies deal government requests information their cyber security experts lot bobbi rebell,2023-08-21 12:15:23.000000
32,latest admission security breach neiman along incidents south korea clear evidence businesses need raise bar data bobbi rebell,stepping up cyber security,latest admission security breach neiman along incidents south korea clear evidence businesses need raise bar data bobbi rebell,2023-08-21 12:15:23.000000
33,latest admission security breach neiman along incidents south korea clear evidence businesses need raise bar data bobbi rebell,stepping up cyber security,latest admission security breach neiman along incidents south korea clear evidence businesses need raise bar data bobbi rebell,2023-08-21 12:15:23.000000
34,computer scientist peter neumann talks research create more secure software,peter neumann cyber security,computer scientist peter neumann talks research create more secure software,2023-08-21 12:15:23.000000
35,obama says foreign hacker should able shut down our urges congress pass legislation cyber rough cut reporter,obama calls congress tackle cyber security,obama says foreign hacker should able shut down our urges congress pass legislation cyber rough cut reporter,2023-08-21 12:15:23.000000
36,following text president remarks new white house cybersecurity office released white,remarks,following text president remarks friday new white house cybersecurity released white,2023-08-21 12:15:23.000000
37,china announced delay controversial technology regulations financial sector alongside treasury secretary jack visit meg teckman,china delays cyber security rules banks,china announced delay controversial technology regulations financial sector alongside treasury secretary jack visit meg teckman,2023-08-21 12:15:23.000000
38,president obama outlines new policies white house friday,early,white house turns focus cyberspace president obama announcing new plan protect electronic networks attacks launched both home abroad hold risk any,2023-08-21 12:15:23.000000
39,president obama outlines new policies white house friday,early,white house turns focus cyberspace president obama announcing new plan protect electronic networks attacks launched both home abroad hold risk any,2023-08-21 12:15:23.000000
40,airs concerns over cyber security talks officials host chinese delegates banquet sidelines strategic economic dialogue rough cut reporter,airs concerns over cyber security china meetings,airs concerns over cyber security talks officials host chinese delegates banquet sidelines strategic economic dialogue rough cut reporter,2023-08-21 12:15:23.000000
41,retail disasters data theft heartbleed internet threat how companies deal government requests information their cyber security experts lot bobbi rebell,cyber security after snowden,retail disasters data theft heartbleed internet threat how companies deal government requests information their cyber security experts lot bobbi rebell,2023-08-21 12:15:23.000000
42,latest admission security breach neiman along incidents south korea clear evidence businesses need raise bar data bobbi rebell,stepping up cyber security,latest admission security breach neiman along incidents south korea clear evidence businesses need raise bar data bobbi rebell,2023-08-21 12:15:23.000000
43,latest admission security breach neiman along incidents south korea clear evidence businesses need raise bar data bobbi rebell,stepping up cyber security,latest admission security breach neiman along incidents south korea clear evidence businesses need raise bar data bobbi rebell,2023-08-21 12:15:23.000000
44,computer scientist peter neumann talks research create more secure software,peter neumann cyber security,computer scientist peter neumann talks research create more secure software,2023-08-21 12:15:23.000000
45,obama says foreign hacker should able shut down our urges congress pass legislation cyber rough cut reporter,obama calls congress tackle cyber security,obama says foreign hacker should able shut down our urges congress pass legislation cyber rough cut reporter,2023-08-21 12:15:23.000000
46,following text president remarks new white house cybersecurity office released white,remarks,following text president remarks friday new white house cybersecurity released white,2023-08-21 12:15:23.000000
47,china announced delay controversial technology regulations financial sector alongside treasury secretary jack visit meg teckman,china delays cyber security rules banks,china announced delay controversial technology regulations financial sector alongside treasury secretary jack visit meg teckman,2023-08-21 12:15:23.000000
48,president obama outlines new policies white house friday,early,white house turns focus cyberspace president obama announcing new plan protect electronic networks attacks launched both home abroad hold risk any,2023-08-21 12:15:23.000000
49,president obama outlines new policies white house friday,early,white house turns focus cyberspace president obama announcing new plan protect electronic networks attacks launched both home abroad hold risk any,2023-08-21 12:15:23.000000
50,airs concerns over cyber security talks officials host chinese delegates banquet sidelines strategic economic dialogue rough cut reporter,airs concerns over cyber security china meetings,airs concerns over cyber security talks officials host chinese delegates banquet sidelines strategic economic dialogue rough cut reporter,2023-08-21 12:15:23.000000
51,retail disasters data theft heartbleed internet threat how companies deal government requests information their cyber security experts lot bobbi rebell,cyber security after snowden,retail disasters data theft heartbleed internet threat how companies deal government requests information their cyber security experts lot bobbi rebell,2023-08-21 12:17:37.000000
52,latest admission security breach neiman along incidents south korea clear evidence businesses need raise bar data bobbi rebell,stepping up cyber security,latest admission security breach neiman along incidents south korea clear evidence businesses need raise bar data bobbi rebell,2023-08-21 12:17:37.000000
53,latest admission security breach neiman along incidents south korea clear evidence businesses need raise bar data bobbi rebell,stepping up cyber security,latest admission security breach neiman along incidents south korea clear evidence businesses need raise bar data bobbi rebell,2023-08-21 12:17:37.000000
54,computer scientist peter neumann talks research create more secure software,peter neumann cyber security,computer scientist peter neumann talks research create more secure software,2023-08-21 12:17:37.000000
55,obama says foreign hacker should able shut down our urges congress pass legislation cyber rough cut reporter,obama calls congress tackle cyber security,obama says foreign hacker should able shut down our urges congress pass legislation cyber rough cut reporter,2023-08-21 12:17:37.000000
56,following text president remarks new white house cybersecurity office released white,remarks,following text president remarks friday new white house cybersecurity released white,2023-08-21 12:17:37.000000
57,china announced delay controversial technology regulations financial sector alongside treasury secretary jack visit meg teckman,china delays cyber security rules banks,china announced delay controversial technology regulations financial sector alongside treasury secretary jack visit meg teckman,2023-08-21 12:17:37.000000
58,president obama outlines new policies white house friday,early,white house turns focus cyberspace president obama announcing new plan protect electronic networks attacks launched both home abroad hold risk any,2023-08-21 12:17:37.000000
59,president obama outlines new policies white house friday,early,white house turns focus cyberspace president obama announcing new plan protect electronic networks attacks launched both home abroad hold risk any,2023-08-21 12:17:37.000000
60,airs concerns over cyber security talks officials host chinese delegates banquet sidelines strategic economic dialogue rough cut reporter,airs concerns over cyber security china meetings,airs concerns over cyber security talks officials host chinese delegates banquet sidelines strategic economic dialogue rough cut reporter,2023-08-21 12:17:37.000000
61,retail disasters data theft heartbleed internet threat how companies deal government requests information their cyber security experts lot bobbi rebell,cyber security after snowden,retail disasters data theft heartbleed internet threat how companies deal government requests information their cyber security experts lot bobbi rebell,2023-08-21 12:17:37.000000
62,latest admission security breach neiman along incidents south korea clear evidence businesses need raise bar data bobbi rebell,stepping up cyber security,latest admission security breach neiman along incidents south korea clear evidence businesses need raise bar data bobbi rebell,2023-08-21 12:17:37.000000
63,latest admission security breach neiman along incidents south korea clear evidence businesses need raise bar data bobbi rebell,stepping up cyber security,latest admission security breach neiman along incidents south korea clear evidence businesses need raise bar data bobbi rebell,2023-08-21 12:17:37.000000
64,computer scientist peter neumann talks research create more secure software,peter neumann cyber security,computer scientist peter neumann talks research create more secure software,2023-08-21 12:17:37.000000
65,obama says foreign hacker should able shut down our urges congress pass legislation cyber rough cut reporter,obama calls congress tackle cyber security,obama says foreign hacker should able shut down our urges congress pass legislation cyber rough cut reporter,2023-08-21 12:17:37.000000
66,china announced delay controversial technology regulations financial sector alongside treasury secretary jack visit meg teckman,china delays cyber security rules banks,china announced delay controversial technology regulations financial sector alongside treasury secretary jack visit meg teckman,2023-08-21 12:17:37.000000
67,following text president remarks new white house cybersecurity office released white,remarks,following text president remarks friday new white house cybersecurity released white,2023-08-21 12:17:37.000000
68,president obama outlines new policies white house friday,early,white house turns focus cyberspace president obama announcing new plan protect electronic networks attacks launched both home abroad hold risk any,2023-08-21 12:17:37.000000
69,president obama outlines new policies white house friday,early,white house turns focus cyberspace president obama announcing new plan protect electronic networks attacks launched both home abroad hold risk any,2023-08-21 12:17:37.000000
70,airs concerns over cyber security talks officials host chinese delegates banquet sidelines strategic economic dialogue rough cut reporter,airs concerns over cyber security china meetings,airs concerns over cyber security talks officials host chinese delegates banquet sidelines strategic economic dialogue rough cut reporter,2023-08-21 12:17:37.000000
71,retail disasters data theft heartbleed internet threat how companies deal government requests information their cyber security experts lot bobbi rebell,cyber security after snowden,retail disasters data theft heartbleed internet threat how companies deal government requests information their cyber security experts lot bobbi rebell,2023-08-21 12:17:37.000000
72,latest admission security breach neiman along incidents south korea clear evidence businesses need raise bar data bobbi rebell,stepping up cyber security,latest admission security breach neiman along incidents south korea clear evidence businesses need raise bar data bobbi rebell,2023-08-21 12:17:37.000000
73,latest admission security breach neiman along incidents south korea clear evidence businesses need raise bar data bobbi rebell,stepping up cyber security,latest admission security breach neiman along incidents south korea clear evidence businesses need raise bar data bobbi rebell,2023-08-21 12:17:37.000000
74,computer scientist peter neumann talks research create more secure software,peter neumann cyber security,computer scientist peter neumann talks research create more secure software,2023-08-21 12:17:37.000000
75,obama says foreign hacker should able shut down our urges congress pass legislation cyber rough cut reporter,obama calls congress tackle cyber security,obama says foreign hacker should able shut down our urges congress pass legislation cyber rough cut reporter,2023-08-21 12:17:37.000000
76,following text president remarks new white house cybersecurity office released white,remarks,following text president remarks friday new white house cybersecurity released white,2023-08-21 12:17:37.000000
77,china announced delay controversial technology regulations financial sector alongside treasury secretary jack visit meg teckman,china delays cyber security rules banks,china announced delay controversial technology regulations financial sector alongside treasury secretary jack visit meg teckman,2023-08-21 12:17:37.000000
78,president obama outlines new policies white house friday,early,white house turns focus cyberspace president obama announcing new plan protect electronic networks attacks launched both home abroad hold risk any,2023-08-21 12:17:37.000000
79,president obama outlines new policies white house friday,early,white house turns focus cyberspace president obama announcing new plan protect electronic networks attacks launched both home abroad hold risk any,2023-08-21 12:17:37.000000
80,airs concerns over cyber security talks officials host chinese delegates banquet sidelines strategic economic dialogue rough cut reporter,airs concerns over cyber security china meetings,airs concerns over cyber security talks officials host chinese delegates banquet sidelines strategic economic dialogue rough cut reporter,2023-08-21 12:17:37.000000
81,retail disasters data theft heartbleed internet threat how companies deal government requests information their cyber security experts lot bobbi rebell,cyber security after snowden,retail disasters data theft heartbleed internet threat how companies deal government requests information their cyber security experts lot bobbi rebell,2023-08-21 12:17:37.000000
82,latest admission security breach neiman along incidents south korea clear evidence businesses need raise bar data bobbi rebell,stepping up cyber security,latest admission security breach neiman along incidents south korea clear evidence businesses need raise bar data bobbi rebell,2023-08-21 12:17:37.000000
83,latest admission security breach neiman along incidents south korea clear evidence businesses need raise bar data bobbi rebell,stepping up cyber security,latest admission security breach neiman along incidents south korea clear evidence businesses need raise bar data bobbi rebell,2023-08-21 12:17:37.000000
84,computer scientist peter neumann talks research create more secure software,peter neumann cyber security,computer scientist peter neumann talks research create more secure software,2023-08-21 12:17:37.000000
85,obama says foreign hacker should able shut down our urges congress pass legislation cyber rough cut reporter,obama calls congress tackle cyber security,obama says foreign hacker should able shut down our urges congress pass legislation cyber rough cut reporter,2023-08-21 12:17:37.000000
86,following text president remarks new white house cybersecurity office released white,remarks,following text president remarks friday new white house cybersecurity released white,2023-08-21 12:17:37.000000
87,china announced delay controversial technology regulations financial sector alongside treasury secretary jack visit meg teckman,china delays cyber security rules banks,china announced delay controversial technology regulations financial sector alongside treasury secretary jack visit meg teckman,2023-08-21 12:17:37.000000
88,president obama outlines new policies white house friday,early,white house turns focus cyberspace president obama announcing new plan protect electronic networks attacks launched both home abroad hold risk any,2023-08-21 12:17:37.000000
89,president obama outlines new policies white house friday,early,white house turns focus cyberspace president obama announcing new plan protect electronic networks attacks launched both home abroad hold risk any,2023-08-21 12:17:37.000000
90,airs concerns over cyber security talks officials host chinese delegates banquet sidelines strategic economic dialogue rough cut reporter,airs concerns over cyber security china meetings,airs concerns over cyber security talks officials host chinese delegates banquet sidelines strategic economic dialogue rough cut reporter,2023-08-21 12:17:37.000000
91,retail disasters data theft heartbleed internet threat how companies deal government requests information their cyber security experts lot bobbi rebell,cyber security after snowden,retail disasters data theft heartbleed internet threat how companies deal government requests information their cyber security experts lot bobbi rebell,2023-08-21 12:17:37.000000
92,latest admission security breach neiman along incidents south korea clear evidence businesses need raise bar data bobbi rebell,stepping up cyber security,latest admission security breach neiman along incidents south korea clear evidence businesses need raise bar data bobbi rebell,2023-08-21 12:17:37.000000
93,latest admission security breach neiman along incidents south korea clear evidence businesses need raise bar data bobbi rebell,stepping up cyber security,latest admission security breach neiman along incidents south korea clear evidence businesses need raise bar data bobbi rebell,2023-08-21 12:17:37.000000
94,computer scientist peter neumann talks research create more secure software,peter neumann cyber security,computer scientist peter neumann talks research create more secure software,2023-08-21 12:17:37.000000
95,obama says foreign hacker should able shut down our urges congress pass legislation cyber rough cut reporter,obama calls congress tackle cyber security,obama says foreign hacker should able shut down our urges congress pass legislation cyber rough cut reporter,2023-08-21 12:17:37.000000
96,following text president remarks new white house cybersecurity office released white,remarks,following text president remarks friday new white house cybersecurity released white,2023-08-21 12:17:37.000000
97,china announced delay controversial technology regulations financial sector alongside treasury secretary jack visit meg teckman,china delays cyber security rules banks,china announced delay controversial technology regulations financial sector alongside treasury secretary jack visit meg teckman,2023-08-21 12:17:37.000000
98,president obama outlines new policies white house friday,early,white house turns focus cyberspace president obama announcing new plan protect electronic networks attacks launched both home abroad hold risk any,2023-08-21 12:17:37.000000
99,president obama outlines new policies white house friday,early,white house turns focus cyberspace president obama announcing new plan protect electronic networks attacks launched both home abroad hold risk any,2023-08-21 12:17:37.000000
100,airs concerns over cyber security talks officials host chinese delegates banquet sidelines strategic economic dialogue rough cut reporter,airs concerns over cyber security china meetings,airs concerns over cyber security talks officials host chinese delegates banquet sidelines strategic economic dialogue rough cut reporter,2023-08-21 12:17:37.000000
101,retail disasters data theft heartbleed internet threat how companies deal government requests information their cyber security experts lot bobbi rebell,cyber security after snowden,retail disasters data theft heartbleed internet threat how companies deal government requests information their cyber security experts lot bobbi rebell,2023-08-21 15:12:35.000000
102,latest admission security breach neiman along incidents south korea clear evidence businesses need raise bar data bobbi rebell,stepping up cyber security,latest admission security breach neiman along incidents south korea clear evidence businesses need raise bar data bobbi rebell,2023-08-21 15:12:35.000000
103,latest admission security breach neiman along incidents south korea clear evidence businesses need raise bar data bobbi rebell,stepping up cyber security,latest admission security breach neiman along incidents south korea clear evidence businesses need raise bar data bobbi rebell,2023-08-21 15:12:35.000000
104,computer scientist peter neumann talks research create more secure software,peter neumann cyber security,computer scientist peter neumann talks research create more secure software,2023-08-21 15:12:35.000000
105,obama says foreign hacker should able shut down our urges congress pass legislation cyber rough cut reporter,obama calls congress tackle cyber security,obama says foreign hacker should able shut down our urges congress pass legislation cyber rough cut reporter,2023-08-21 15:12:35.000000
106,china announced delay controversial technology regulations financial sector alongside treasury secretary jack visit meg teckman,china delays cyber security rules banks,china announced delay controversial technology regulations financial sector alongside treasury secretary jack visit meg teckman,2023-08-21 15:12:35.000000
107,following text president remarks new white house cybersecurity office released white,remarks,following text president remarks friday new white house cybersecurity released white,2023-08-21 15:12:35.000000
108,president obama outlines new policies white house friday,early,white house turns focus cyberspace president obama announcing new plan protect electronic networks attacks launched both home abroad hold risk any,2023-08-21 15:12:35.000000
109,president obama outlines new policies white house friday,early,white house turns focus cyberspace president obama announcing new plan protect electronic networks attacks launched both home abroad hold risk any,2023-08-21 15:12:35.000000
110,airs concerns over cyber security talks officials host chinese delegates banquet sidelines strategic economic dialogue rough cut reporter,airs concerns over cyber security china meetings,airs concerns over cyber security talks officials host chinese delegates banquet sidelines strategic economic dialogue rough cut reporter,2023-08-21 15:12:35.000000
111,retail disasters data theft heartbleed internet threat how companies deal government requests information their cyber security experts lot bobbi rebell,cyber security after snowden,retail disasters data theft heartbleed internet threat how companies deal government requests information their cyber security experts lot bobbi rebell,2023-08-21 15:12:35.000000
112,latest admission security breach neiman along incidents south korea clear evidence businesses need raise bar data bobbi rebell,stepping up cyber security,latest admission security breach neiman along incidents south korea clear evidence businesses need raise bar data bobbi rebell,2023-08-21 15:12:35.000000
113,latest admission security breach neiman along incidents south korea clear evidence businesses need raise bar data bobbi rebell,stepping up cyber security,latest admission security breach neiman along incidents south korea clear evidence businesses need raise bar data bobbi rebell,2023-08-21 15:12:35.000000
114,computer scientist peter neumann talks research create more secure software,peter neumann cyber security,computer scientist peter neumann talks research create more secure software,2023-08-21 15:12:35.000000
115,obama says foreign hacker should able shut down our urges congress pass legislation cyber rough cut reporter,obama calls congress tackle cyber security,obama says foreign hacker should able shut down our urges congress pass legislation cyber rough cut reporter,2023-08-21 15:12:35.000000
116,china announced delay controversial technology regulations financial sector alongside treasury secretary jack visit meg teckman,china delays cyber security rules banks,china announced delay controversial technology regulations financial sector alongside treasury secretary jack visit meg teckman,2023-08-21 15:12:35.000000
117,following text president remarks new white house cybersecurity office released white,remarks,following text president remarks friday new white house cybersecurity released white,2023-08-21 15:12:35.000000
118,president obama outlines new policies white house friday,early,white house turns focus cyberspace president obama announcing new plan protect electronic networks attacks launched both home abroad hold risk any,2023-08-21 15:12:35.000000
119,president obama outlines new policies white house friday,early,white house turns focus cyberspace president obama announcing new plan protect electronic networks attacks launched both home abroad hold risk any,2023-08-21 15:12:35.000000
120,airs concerns over cyber security talks officials host chinese delegates banquet sidelines strategic economic dialogue rough cut reporter,airs concerns over cyber security china meetings,airs concerns over cyber security talks officials host chinese delegates banquet sidelines strategic economic dialogue rough cut reporter,2023-08-21 15:12:35.000000
121,retail disasters data theft heartbleed internet threat how companies deal government requests information their cyber security experts lot bobbi rebell,cyber security after snowden,retail disasters data theft heartbleed internet threat how companies deal government requests information their cyber security experts lot bobbi rebell,2023-08-21 15:12:35.000000
122,latest admission security breach neiman along incidents south korea clear evidence businesses need raise bar data bobbi rebell,stepping up cyber security,latest admission security breach neiman along incidents south korea clear evidence businesses need raise bar data bobbi rebell,2023-08-21 15:12:35.000000
123,latest admission security breach neiman along incidents south korea clear evidence businesses need raise bar data bobbi rebell,stepping up cyber security,latest admission security breach neiman along incidents south korea clear evidence businesses need raise bar data bobbi rebell,2023-08-21 15:12:35.000000
124,computer scientist peter neumann talks research create more secure software,peter neumann cyber security,computer scientist peter neumann talks research create more secure software,2023-08-21 15:12:35.000000
125,obama says foreign hacker should able shut down our urges congress pass legislation cyber rough cut reporter,obama calls congress tackle cyber security,obama says foreign hacker should able shut down our urges congress pass legislation cyber rough cut reporter,2023-08-21 15:12:35.000000
126,china announced delay controversial technology regulations financial sector alongside treasury secretary jack visit meg teckman,china delays cyber security rules banks,china announced delay controversial technology regulations financial sector alongside treasury secretary jack visit meg teckman,2023-08-21 15:12:35.000000
127,following text president remarks new white house cybersecurity office released white,remarks,following text president remarks friday new white house cybersecurity released white,2023-08-21 15:12:35.000000
128,president obama outlines new policies white house friday,early,white house turns focus cyberspace president obama announcing new plan protect electronic networks attacks launched both home abroad hold risk any,2023-08-21 15:12:35.000000
129,president obama outlines new policies white house friday,early,white house turns focus cyberspace president obama announcing new plan protect electronic networks attacks launched both home abroad hold risk any,2023-08-21 15:12:35.000000
130,airs concerns over cyber security talks officials host chinese delegates banquet sidelines strategic economic dialogue rough cut reporter,airs concerns over cyber security china meetings,airs concerns over cyber security talks officials host chinese delegates banquet sidelines strategic economic dialogue rough cut reporter,2023-08-21 15:12:35.000000
131,retail disasters data theft heartbleed internet threat how companies deal government requests information their cyber security experts lot bobbi rebell,cyber security after snowden,retail disasters data theft heartbleed internet threat how companies deal government requests information their cyber security experts lot bobbi rebell,2023-08-21 15:12:35.000000
132,latest admission security breach neiman along incidents south korea clear evidence businesses need raise bar data bobbi rebell,stepping up cyber security,latest admission security breach neiman along incidents south korea clear evidence businesses need raise bar data bobbi rebell,2023-08-21 15:12:35.000000
133,latest admission security breach neiman along incidents south korea clear evidence businesses need raise bar data bobbi rebell,stepping up cyber security,latest admission security breach neiman along incidents south korea clear evidence businesses need raise bar data bobbi rebell,2023-08-21 15:12:35.000000
134,computer scientist peter neumann talks research create more secure software,peter neumann cyber security,computer scientist peter neumann talks research create more secure software,2023-08-21 15:12:35.000000
135,obama says foreign hacker should able shut down our urges congress pass legislation cyber rough cut reporter,obama calls congress tackle cyber security,obama says foreign hacker should able shut down our urges congress pass legislation cyber rough cut reporter,2023-08-21 15:12:35.000000
136,china announced delay controversial technology regulations financial sector alongside treasury secretary jack visit meg teckman,china delays cyber security rules banks,china announced delay controversial technology regulations financial sector alongside treasury secretary jack visit meg teckman,2023-08-21 15:12:35.000000
137,following text president remarks new white house cybersecurity office released white,remarks,following text president remarks friday new white house cybersecurity released white,2023-08-21 15:12:35.000000
138,president obama outlines new policies white house friday,early,white house turns focus cyberspace president obama announcing new plan protect electronic networks attacks launched both home abroad hold risk any,2023-08-21 15:12:35.000000
139,president obama outlines new policies white house friday,early,white house turns focus cyberspace president obama announcing new plan protect electronic networks attacks launched both home abroad hold risk any,2023-08-21 15:12:35.000000
140,airs concerns over cyber security talks officials host chinese delegates banquet sidelines strategic economic dialogue rough cut reporter,airs concerns over cyber security china meetings,airs concerns over cyber security talks officials host chinese delegates banquet sidelines strategic economic dialogue rough cut reporter,2023-08-21 15:12:35.000000
141,retail disasters data theft heartbleed internet threat how companies deal government requests information their cyber security experts lot bobbi rebell,cyber security after snowden,retail disasters data theft heartbleed internet threat how companies deal government requests information their cyber security experts lot bobbi rebell,2023-08-21 15:12:35.000000
142,latest admission security breach neiman along incidents south korea clear evidence businesses need raise bar data bobbi rebell,stepping up cyber security,latest admission security breach neiman along incidents south korea clear evidence businesses need raise bar data bobbi rebell,2023-08-21 15:12:35.000000
143,latest admission security breach neiman along incidents south korea clear evidence businesses need raise bar data bobbi rebell,stepping up cyber security,latest admission security breach neiman along incidents south korea clear evidence businesses need raise bar data bobbi rebell,2023-08-21 15:12:35.000000
144,computer scientist peter neumann talks research create more secure software,peter neumann cyber security,computer scientist peter neumann talks research create more secure software,2023-08-21 15:12:35.000000
145,obama says foreign hacker should able shut down our urges congress pass legislation cyber rough cut reporter,obama calls congress tackle cyber security,obama says foreign hacker should able shut down our urges congress pass legislation cyber rough cut reporter,2023-08-21 15:12:35.000000
146,china announced delay controversial technology regulations financial sector alongside treasury secretary jack visit meg teckman,china delays cyber security rules banks,china announced delay controversial technology regulations financial sector alongside treasury secretary jack visit meg teckman,2023-08-21 15:12:35.000000
147,following text president remarks new white house cybersecurity office released white,remarks,following text president remarks friday new white house cybersecurity released white,2023-08-21 15:12:35.000000
148,president obama outlines new policies white house friday,early,white house turns focus cyberspace president obama announcing new plan protect electronic networks attacks launched both home abroad hold risk any,2023-08-21 15:12:35.000000
149,president obama outlines new policies white house friday,early,white house turns focus cyberspace president obama announcing new plan protect electronic networks attacks launched both home abroad hold risk any,2023-08-21 15:12:35.000000
150,airs concerns over cyber security talks officials host chinese delegates banquet sidelines strategic economic dialogue rough cut reporter,airs concerns over cyber security china meetings,airs concerns over cyber security talks officials host chinese delegates banquet sidelines strategic economic dialogue rough cut reporter,2023-08-21 15:12:35.000000
